[
    {
        "id": 0,
        "name": "Nike Air Max White/Pink",
        "description": [
            "High-top design",
            "Slip-on style",
            "You'll want to take care of these",
            "So fresh and so clean",
            "Chunky sole"
        ],
        "materials": "70% Rubber, 30% other materials",
        "cleaning": "Wipe clean with a damp cloth or sponge",
        "image-small": "product-small-0",
        "image-large": "product-large-0",
        "price": 144.99,
        "sale": null,
        "sizes": [37, 38, 41, 42, 44, 45],
        "categories": ["Nike", "Air Max", "Low Top"]
    },
    {
        "id": 1,
        "name": "Nike Air Max Blue",
        "description": [
            "Waffle-textured tread",
            "Padded cuff",
            "Lace-up fastening",
            "Slip-on style"
        ],
        "materials": "80% Suede, 20% other materials",
        "cleaning": "Wipe clean with a damp cloth or sponge",
        "image-small": "product-small-1",
        "image-large": "product-large-1",
        "price": 130.99,
        "sale": null,
        "sizes": [37, 40, 41, 42, 43, 45],
        "categories": ["Nike", "Air Max", "Low Top"]
    },
    {
        "id": 2,
        "name": "Nike Sport Shoes in Black",
        "description": [
            "Classic design",
            "Switch up your rotation",
            "So fresh and so clean",
            "High-top design"
        ],
        "materials": "80% Rubber, 20% other materials",
        "cleaning": "Wipe clean with a damp cloth or sponge",
        "image-small": "product-small-2",
        "image-large": "product-large-2",
        "price": 91.99,
        "sale": null,
        "sizes": [41, 42, 43, 44, 46],
        "categories": ["Nike", "Low Top"]
    },
    {
        "id": 3,
        "name": "Acne Studios Off-White",
        "description": [
            "That ‘new shoe’ feeling",
            "Classic design",
            "Pull tabs for easy entry"
        ],
        "materials": "60% Rubber, 40% other materials",
        "cleaning": "Treat with a suitable leather protector and avoid contact with liquids",
        "image-small": "product-small-3",
        "image-large": "product-large-3",
        "price": 173.99,
        "sale": 162.99,
        "sizes": [37, 38, 41, 42, 43, 44],
        "categories": ["Low Top", "Acne Studios"]
    },
    {
        "id": 4,
        "name": "Yeezy Boost 350 Grey",
        "description": ["High-top design", "Lugged tread", "Chunky sole"],
        "materials": "80% Textile, 20% other materials",
        "cleaning": "Treat with a suitable leather protector and avoid contact with liquids",
        "image-small": "product-small-4",
        "image-large": "product-large-4",
        "price": 33.99,
        "sale": null,
        "sizes": [37, 38, 39, 40, 41, 42, 43, 44],
        "categories": ["Adidas", "Yeezy", "Low Top"]
    },
    {
        "id": 5,
        "name": "Nike Air Max 270 Black/Red",
        "description": [
            "Waffle-textured tread",
            "Chunky sole",
            "Classic design",
            "You'll want to take care of these"
        ],
        "materials": "60% Textile, 40% other materials",
        "cleaning": "Remove light marks with a clean damp sponge",
        "image-small": "product-small-5",
        "image-large": "product-large-5",
        "price": 102.99,
        "sale": null,
        "sizes": [39, 40, 41, 42, 45, 46],
        "categories": ["Nike", "Air Max", "Low Top"]
    },
    {
        "id": 6,
        "name": "Nike Air Jordan 5 Fire Red",
        "description": [
            "You'll want to take care of these",
            "Waffle-textured tread",
            "Lugged tread"
        ],
        "materials": "80% Textile, 20% other materials",
        "cleaning": "Treat with a suitable leather protector and avoid contact with liquids",
        "image-small": "product-small-6",
        "image-large": "product-large-6",
        "price": 140.99,
        "sale": null,
        "sizes": [37, 38, 39, 40, 41, 42, 43, 44, 45, 46],
        "categories": ["Nike", "Air Jordan", "High Top"]
    },
    {
        "id": 7,
        "name": "Yeezy Boost 350 Black",
        "description": [
            "Switch up your rotation",
            "Lace-up fastening",
            "So fresh and so clean"
        ],
        "materials": "60% Suede, 40% other materials",
        "cleaning": "Wipe clean with a damp cloth or sponge",
        "image-small": "product-small-7",
        "image-large": "product-large-7",
        "price": 151.99,
        "sale": null,
        "sizes": [37, 38, 39, 40, 41, 42],
        "categories": ["Adidas", "Yeezy", "Low Top"]
    },
    {
        "id": 8,
        "name": "Toy Sneaker",
        "description": [
            "Signature branding",
            "Pull tabs for easy entry",
            "Classic design"
        ],
        "materials": "80% Rubber, 20% other materials",
        "cleaning": "Wipe clean with a damp cloth or sponge",
        "image-small": "product-small-8",
        "image-large": "product-large-8",
        "price": 41.99,
        "sale": null,
        "sizes": [41, 42, 43, 44, 45, 46],
        "categories": ["Multicolor", "Low Top"]
    },
    {
        "id": 9,
        "name": "Adidas Run Blue/Orange",
        "description": [
            "High-top design",
            "You'll want to take care of these",
            "Slip-on style",
            "Chunky sole"
        ],
        "materials": "70% Textile, 30% other materials",
        "cleaning": "Remove light marks with a clean damp sponge",
        "image-small": "product-small-9",
        "image-large": "product-large-9",
        "price": 34.99,
        "sale": null,
        "sizes": [39, 40, 41, 42, 43, 44, 45, 46],
        "categories": ["Adidas", "Low Top"]
    },
    {
        "id": 10,
        "name": "Nike Air Jordan 5 Black/Orange",
        "description": [
            "So fresh and so clean",
            "Padded cuff",
            "That ‘new shoe’ feeling",
            "Lace-up fastening"
        ],
        "materials": "70% Textile, 30% other materials",
        "cleaning": "Remove light marks with a clean damp sponge",
        "image-small": "product-small-10",
        "image-large": "product-large-10",
        "price": 29.99,
        "sale": null,
        "sizes": [38, 39, 40, 41, 42],
        "categories": ["Nike", "Air Jordan", "High Top"]
    },
    {
        "id": 11,
        "name": "Yeezy Boost 350 Triple Black",
        "description": [
            "Signature branding",
            "Waffle-textured tread",
            "High-top design"
        ],
        "materials": "70% Textile, 30% other materials",
        "cleaning": "Wipe clean only",
        "image-small": "product-small-11",
        "image-large": "product-large-11",
        "price": 175.99,
        "sale": null,
        "sizes": [37, 40, 41, 42, 45, 46],
        "categories": ["Adidas", "Yeezy", "Low Top"]
    },
    {
        "id": 12,
        "name": "Yeezy Boost 350 Coral",
        "description": [
            "Lugged tread",
            "Classic design",
            "Chunky sole",
            "Signature branding"
        ],
        "materials": "80% Suede, 20% other materials",
        "cleaning": "Treat with a suitable leather protector and avoid contact with liquids",
        "image-small": "product-small-12",
        "image-large": "product-large-12",
        "price": 34.99,
        "sale": null,
        "sizes": [37, 38, 39, 40, 41, 42],
        "categories": ["Adidas", "Yeezy", "Low Top"]
    },
    {
        "id": 13,
        "name": "Nike Air Max 90 Yellow",
        "description": [
            "High-top design",
            "Classic design",
            "Slip-on style",
            "You'll want to take care of these",
            "That ‘new shoe’ feeling"
        ],
        "materials": "80% Rubber, 20% other materials",
        "cleaning": "Treat with a suitable leather protector and avoid contact with liquids",
        "image-small": "product-small-13",
        "image-large": "product-large-13",
        "price": 89.99,
        "sale": null,
        "sizes": [37, 38, 39, 40, 41, 42, 43, 44, 45, 46],
        "categories": ["Nike", "Multicolor", "Air Max", "Low Top"]
    },
    {
        "id": 14,
        "name": "Nike Air Max 97 G",
        "description": [
            "Switch up your rotation",
            "You'll want to take care of these",
            "Waffle-textured tread"
        ],
        "materials": "80% Textile, 20% other materials",
        "cleaning": "Remove light marks with a clean damp sponge",
        "image-small": "product-small-14",
        "image-large": "product-large-14",
        "price": 93.99,
        "sale": 81.99,
        "sizes": [37, 38, 39, 40, 41, 42, 43],
        "categories": ["Nike", "Multicolor", "Air Max", "Low Top"]
    },
    {
        "id": 15,
        "name": "Breathable Red Sneakers",
        "description": [
            "Padded cuff",
            "Lugged tread",
            "That ‘new shoe’ feeling"
        ],
        "materials": "80% Suede, 20% other materials",
        "cleaning": "Treat with a suitable leather protector and avoid contact with liquids",
        "image-small": "product-small-15",
        "image-large": "product-large-15",
        "price": 93.99,
        "sale": 82.99,
        "sizes": [37, 38, 39, 40, 41, 42, 43, 44],
        "categories": ["Low Top"]
    },
    {
        "id": 16,
        "name": "Nike Air Force 1 High White",
        "description": [
            "Classic design",
            "High-top design",
            "Pull tabs for easy entry"
        ],
        "materials": "70% Suede, 30% other materials",
        "cleaning": "Remove light marks with a clean damp sponge",
        "image-small": "product-small-16",
        "image-large": "product-large-16",
        "price": 32.99,
        "sale": null,
        "sizes": [39, 40, 41, 42, 43],
        "categories": ["Nike", "Air Force", "High Top"]
    },
    {
        "id": 17,
        "name": "Adidas Puremotion Light Grey",
        "description": ["Slip-on style", "Padded cuff", "Signature branding"],
        "materials": "70% Suede, 30% other materials",
        "cleaning": "Remove light marks with a clean damp sponge",
        "image-small": "product-small-17",
        "image-large": "product-large-17",
        "price": 96.99,
        "sale": null,
        "sizes": [37, 38, 39, 40, 41, 42, 43, 44, 45, 46],
        "categories": ["Adidas", "Low Top"]
    },
    {
        "id": 18,
        "name": "Converse Chuck Taylor 70 Yellow",
        "description": [
            "That ‘new shoe’ feeling",
            "Lugged tread",
            "Padded cuff"
        ],
        "materials": "80% Suede, 20% other materials",
        "cleaning": "Wipe clean with a soft dry cloth",
        "image-small": "product-small-18",
        "image-large": "product-large-18",
        "price": 145.99,
        "sale": 139.99,
        "sizes": [37, 38, 39, 40, 41, 42],
        "categories": ["Converse", "High Top"]
    },
    {
        "id": 19,
        "name": "Adidas NMD_R1 Grey",
        "description": [
            "Switch up your rotation",
            "Waffle-textured tread",
            "That ‘new shoe’ feeling",
            "High-top design",
            "Lace-up fastening"
        ],
        "materials": "80% Suede, 20% other materials",
        "cleaning": "Wipe clean only",
        "image-small": "product-small-19",
        "image-large": "product-large-19",
        "price": 136.99,
        "sale": null,
        "sizes": [39, 40, 41, 42],
        "categories": ["Adidas", "NMD", "Low Top"]
    },
    {
        "id": 20,
        "name": "Nike Air Force 1 Low Black",
        "description": [
            "High-top design",
            "Round toe",
            "Lugged tread",
            "Slip-on style"
        ],
        "materials": "80% Suede, 20% other materials",
        "cleaning": "Treat with a suitable leather protector and avoid contact with liquids",
        "image-small": "product-small-20",
        "image-large": "product-large-20",
        "price": 75.99,
        "sale": null,
        "sizes": [37, 38, 39, 40, 41, 42, 43, 44, 45],
        "categories": ["Nike", "Air Force", "Low Top"]
    },
    {
        "id": 21,
        "name": "Nike Air Jordan 1 White/Blue",
        "description": [
            "Padded cuff",
            "High-top design",
            "Waffle-textured tread"
        ],
        "materials": "80% Suede, 20% other materials",
        "cleaning": "Remove light marks with a clean damp sponge",
        "image-small": "product-small-21",
        "image-large": "product-large-21",
        "price": 53.99,
        "sale": null,
        "sizes": [37, 38, 39, 40, 41, 42, 43],
        "categories": ["Nike", "Air Jordan", "High Top"]
    },
    {
        "id": 22,
        "name": "Nike Air Force 1 High '07 Beige",
        "description": [
            "Waffle-textured tread",
            "Pull tabs for easy entry",
            "You'll want to take care of these",
            "Switch up your rotation"
        ],
        "materials": "70% Rubber, 30% other materials",
        "cleaning": "Wipe clean with a damp cloth or sponge",
        "image-small": "product-small-22",
        "image-large": "product-large-22",
        "price": 89.99,
        "sale": 77.99,
        "sizes": [37, 38, 43],
        "categories": ["Nike", "Air Force", "High Top"]
    },
    {
        "id": 23,
        "name": "Nike Pure Running White/Green",
        "description": [
            "Lugged tread",
            "Signature branding",
            "Switch up your rotation"
        ],
        "materials": "80% Textile, 20% other materials",
        "cleaning": "Wipe clean only",
        "image-small": "product-small-23",
        "image-large": "product-large-23",
        "price": 114.99,
        "sale": 106.99,
        "sizes": [37, 41, 42, 43, 44, 45],
        "categories": ["Nike", "Low Top"]
    },
    {
        "id": 24,
        "name": "Nike Air Max Sport Light Grey",
        "description": [
            "You'll want to take care of these",
            "Pull tabs for easy entry",
            "Switch up your rotation",
            "High-top design"
        ],
        "materials": "60% Rubber, 40% other materials",
        "cleaning": "Remove light marks with a clean damp sponge",
        "image-small": "product-small-24",
        "image-large": "product-large-24",
        "price": 62.99,
        "sale": null,
        "sizes": [38, 39, 40, 41, 42, 43, 44, 45],
        "categories": ["Nike", "Air Max", "Low Top"]
    },
    {
        "id": 25,
        "name": "Nike Air Force 1 Khaki",
        "description": [
            "Slip-on style",
            "Pull tabs for easy entry",
            "That ‘new shoe’ feeling",
            "Lugged tread"
        ],
        "materials": "70% Suede, 30% other materials",
        "cleaning": "Treat with a suitable leather protector and avoid contact with liquids",
        "image-small": "product-small-25",
        "image-large": "product-large-25",
        "price": 147.99,
        "sale": null,
        "sizes": [40, 41, 42, 43],
        "categories": ["Nike", "Air Force", "High Top"]
    },
    {
        "id": 26,
        "name": "Nike Air Jordan 1 Grey",
        "description": [
            "Slip-on style",
            "Round toe",
            "Switch up your rotation"
        ],
        "materials": "80% Suede, 20% other materials",
        "cleaning": "Wipe clean with a soft dry cloth",
        "image-small": "product-small-26",
        "image-large": "product-large-26",
        "price": 35.99,
        "sale": 29.99,
        "sizes": [37, 38, 39, 40, 41, 42],
        "categories": ["Nike", "Air Jordan", "High Top"]
    },
    {
        "id": 27,
        "name": "Converse Chuck Taylor High Black",
        "description": ["Classic design", "Lace-up fastening", "Lugged tread"],
        "materials": "60% Rubber, 40% other materials",
        "cleaning": "Treat with a suitable leather protector and avoid contact with liquids",
        "image-small": "product-small-27",
        "image-large": "product-large-27",
        "price": 104.99,
        "sale": null,
        "sizes": [37, 38, 39, 40, 41, 42, 43, 44, 45],
        "categories": ["Converse", "High Top"]
    },
    {
        "id": 28,
        "name": "FORT System Grey/Black",
        "description": [
            "Lace-up fastening",
            "Round toe",
            "That ‘new shoe’ feeling",
            "High-top design"
        ],
        "materials": "60% Textile, 40% other materials",
        "cleaning": "Wipe clean only",
        "image-small": "product-small-28",
        "image-large": "product-large-28",
        "price": 143.99,
        "sale": null,
        "sizes": [37, 38, 39, 40, 41, 42, 43, 44],
        "categories": ["Low Top", "FORT"]
    },
    {
        "id": 29,
        "name": "Nike Air Jordan 1 Orange/Black",
        "description": [
            "That ‘new shoe’ feeling",
            "Signature branding",
            "Waffle-textured tread",
            "Slip-on style"
        ],
        "materials": "70% Textile, 30% other materials",
        "cleaning": "Treat with a suitable leather protector and avoid contact with liquids",
        "image-small": "product-small-29",
        "image-large": "product-large-29",
        "price": 113.99,
        "sale": 105.99,
        "sizes": [37, 38, 39, 40, 41, 42, 43, 44, 45, 46],
        "categories": ["Nike", "Air Jordan", "High Top"]
    },
    {
        "id": 30,
        "name": "Nike Air Jordan 1 Red/Black",
        "description": [
            "That ‘new shoe’ feeling",
            "You'll want to take care of these",
            "Round toe",
            "Padded cuff"
        ],
        "materials": "60% Suede, 40% other materials",
        "cleaning": "Treat with a suitable leather protector and avoid contact with liquids",
        "image-small": "product-small-30",
        "image-large": "product-large-30",
        "price": 131.99,
        "sale": null,
        "sizes": [39, 40, 41, 42, 43],
        "categories": ["Nike", "Air Jordan", "High Top"]
    },
    {
        "id": 31,
        "name": "Timberland Boots Brown",
        "description": [
            "Classic design",
            "Signature branding",
            "Lace-up fastening"
        ],
        "materials": "80% Rubber, 20% other materials",
        "cleaning": "Wipe clean only",
        "image-small": "product-small-31",
        "image-large": "product-large-31",
        "price": 108.99,
        "sale": null,
        "sizes": [37, 38, 39, 40, 41, 42, 43, 44, 45, 46],
        "categories": ["High Top", "Timberland"]
    },
    {
        "id": 32,
        "name": "Yeezy Boost 350 Triple White",
        "description": ["Padded cuff", "Waffle-textured tread", "Chunky sole"],
        "materials": "70% Suede, 30% other materials",
        "cleaning": "Treat with a suitable leather protector and avoid contact with liquids",
        "image-small": "product-small-32",
        "image-large": "product-large-32",
        "price": 41.99,
        "sale": null,
        "sizes": [37, 38, 42, 43],
        "categories": ["Adidas", "Yeezy", "Low Top"]
    },
    {
        "id": 33,
        "name": "Converse Chuck Taylor Low Black",
        "description": [
            "Slip-on style",
            "You'll want to take care of these",
            "Classic design"
        ],
        "materials": "60% Textile, 40% other materials",
        "cleaning": "Treat with a suitable leather protector and avoid contact with liquids",
        "image-small": "product-small-33",
        "image-large": "product-large-33",
        "price": 75.99,
        "sale": null,
        "sizes": [37, 38, 39, 40, 41, 42, 43, 44, 45],
        "categories": ["Converse", "Low Top"]
    },
    {
        "id": 34,
        "name": "Saucony 1 Autumn",
        "description": [
            "Padded cuff",
            "Lugged tread",
            "Round toe",
            "Chunky sole",
            "Classic design"
        ],
        "materials": "70% Suede, 30% other materials",
        "cleaning": "Remove light marks with a clean damp sponge",
        "image-small": "product-small-34",
        "image-large": "product-large-34",
        "price": 61.99,
        "sale": null,
        "sizes": [37, 38, 39, 40, 41, 42, 43],
        "categories": ["Multicolor", "Saucony", "Low Top"]
    },
    {
        "id": 35,
        "name": "Nike Air Jordan 1 Red/White",
        "description": [
            "You'll want to take care of these",
            "That ‘new shoe’ feeling",
            "Round toe"
        ],
        "materials": "70% Textile, 30% other materials",
        "cleaning": "Wipe clean only",
        "image-small": "product-small-35",
        "image-large": "product-large-35",
        "price": 143.99,
        "sale": null,
        "sizes": [37, 38, 39, 44, 45],
        "categories": ["Nike", "Air Jordan", "High Top"]
    },
    {
        "id": 36,
        "name": "Nike Knits White",
        "description": [
            "Round toe",
            "High-top design",
            "So fresh and so clean",
            "Padded cuff",
            "Chunky sole"
        ],
        "materials": "60% Suede, 40% other materials",
        "cleaning": "Wipe clean with a soft dry cloth",
        "image-small": "product-small-36",
        "image-large": "product-large-36",
        "price": 55.99,
        "sale": null,
        "sizes": [37, 38, 39, 40, 41, 42],
        "categories": ["Nike", "Low Top"]
    },
    {
        "id": 37,
        "name": "Adidas Classic Superstar White",
        "description": ["Lugged tread", "Round toe", "Switch up your rotation"],
        "materials": "80% Rubber, 20% other materials",
        "cleaning": "Treat with a suitable leather protector and avoid contact with liquids",
        "image-small": "product-small-37",
        "image-large": "product-large-37",
        "price": 45.99,
        "sale": null,
        "sizes": [37, 38, 39, 40, 41, 42, 43, 44, 45, 46],
        "categories": ["Adidas", "Low Top"]
    },
    {
        "id": 38,
        "name": "Nike Air Force 1 Low Just Do It White",
        "description": [
            "Slip-on style",
            "So fresh and so clean",
            "Padded cuff",
            "Waffle-textured tread",
            "High-top design"
        ],
        "materials": "60% Suede, 40% other materials",
        "cleaning": "Wipe clean only",
        "image-small": "product-small-38",
        "image-large": "product-large-38",
        "price": 150.99,
        "sale": null,
        "sizes": [37, 38, 39, 40, 41, 42],
        "categories": ["Nike", "Air Force", "Low Top"]
    },
    {
        "id": 39,
        "name": "Reebok Low Autumn",
        "description": ["Classic design", "Slip-on style", "Lugged tread"],
        "materials": "80% Textile, 20% other materials",
        "cleaning": "Remove light marks with a clean damp sponge",
        "image-small": "product-small-39",
        "image-large": "product-large-39",
        "price": 32.99,
        "sale": null,
        "sizes": [41, 42, 43, 44, 45, 46],
        "categories": ["Low Top", "Reebok"]
    },
    {
        "id": 40,
        "name": "Nike Air Max 97 Yellow/Green",
        "description": [
            "Signature branding",
            "Waffle-textured tread",
            "High-top design",
            "Classic design"
        ],
        "materials": "70% Suede, 30% other materials",
        "cleaning": "Wipe clean with a damp cloth or sponge",
        "image-small": "product-small-40",
        "image-large": "product-large-40",
        "price": 85.99,
        "sale": 68.99,
        "sizes": [37, 38, 39, 40, 41, 42],
        "categories": ["Nike", "Multicolor", "Air Max", "Low Top"]
    },
    {
        "id": 41,
        "name": "Asics Low Brown",
        "description": [
            "So fresh and so clean",
            "Switch up your rotation",
            "Padded cuff",
            "Lace-up fastening",
            "Slip-on style"
        ],
        "materials": "70% Rubber, 30% other materials",
        "cleaning": "Remove light marks with a clean damp sponge",
        "image-small": "product-small-41",
        "image-large": "product-large-41",
        "price": 71.99,
        "sale": null,
        "sizes": [37, 38, 39, 40, 41, 42, 43, 44, 45],
        "categories": ["Asics", "Multicolor", "Low Top"]
    },
    {
        "id": 42,
        "name": "Nike Air Jordan 1 Blue/White",
        "description": [
            "So fresh and so clean",
            "Pull tabs for easy entry",
            "You'll want to take care of these",
            "Chunky sole",
            "Signature branding"
        ],
        "materials": "70% Rubber, 30% other materials",
        "cleaning": "Wipe clean with a damp cloth or sponge",
        "image-small": "product-small-42",
        "image-large": "product-large-42",
        "price": 115.99,
        "sale": null,
        "sizes": [40, 41, 42],
        "categories": ["Nike", "Air Jordan", "High Top"]
    },
    {
        "id": 43,
        "name": "Adidas Running Black",
        "description": [
            "Pull tabs for easy entry",
            "You'll want to take care of these",
            "Padded cuff",
            "Waffle-textured tread",
            "Lugged tread"
        ],
        "materials": "80% Suede, 20% other materials",
        "cleaning": "Remove light marks with a clean damp sponge",
        "image-small": "product-small-43",
        "image-large": "product-large-43",
        "price": 103.99,
        "sale": null,
        "sizes": [37, 38, 39, 40, 41, 42, 43, 44, 45],
        "categories": ["Adidas", "Low Top"]
    },
    {
        "id": 44,
        "name": "Nike Air Max Running Black/Red",
        "description": [
            "Signature branding",
            "Lugged tread",
            "Chunky sole",
            "High-top design",
            "Waffle-textured tread"
        ],
        "materials": "80% Rubber, 20% other materials",
        "cleaning": "Wipe clean only",
        "image-small": "product-small-44",
        "image-large": "product-large-44",
        "price": 95.99,
        "sale": null,
        "sizes": [37, 38, 43],
        "categories": ["Nike", "Air Max", "Low Top"]
    },
    {
        "id": 45,
        "name": "Adidas Low Forest Green",
        "description": [
            "Round toe",
            "Padded cuff",
            "So fresh and so clean",
            "Classic design"
        ],
        "materials": "80% Suede, 20% other materials",
        "cleaning": "Wipe clean only",
        "image-small": "product-small-45",
        "image-large": "product-large-45",
        "price": 170.99,
        "sale": null,
        "sizes": [37, 38, 39, 40, 41, 42, 43, 44],
        "categories": ["Adidas", "Low Top"]
    },
    {
        "id": 46,
        "name": "Fresh Foam Low White",
        "description": [
            "Lugged tread",
            "Signature branding",
            "Switch up your rotation",
            "Pull tabs for easy entry",
            "Waffle-textured tread"
        ],
        "materials": "60% Suede, 40% other materials",
        "cleaning": "Wipe clean with a damp cloth or sponge",
        "image-small": "product-small-46",
        "image-large": "product-large-46",
        "price": 139.99,
        "sale": null,
        "sizes": [37, 38, 39, 40, 41, 42, 43, 44, 45, 46],
        "categories": ["Low Top", "Fresh Foam"]
    },
    {
        "id": 47,
        "name": "Nike Low Beige",
        "description": [
            "Lace-up fastening",
            "Slip-on style",
            "You'll want to take care of these"
        ],
        "materials": "70% Rubber, 30% other materials",
        "cleaning": "Wipe clean with a soft dry cloth",
        "image-small": "product-small-47",
        "image-large": "product-large-47",
        "price": 91.99,
        "sale": null,
        "sizes": [37, 38, 39, 40, 41, 42],
        "categories": ["Nike", "Low Top"]
    },
    {
        "id": 48,
        "name": "Nike Air Max Motion 2 Yellow",
        "description": [
            "That ‘new shoe’ feeling",
            "Classic design",
            "Signature branding",
            "Chunky sole"
        ],
        "materials": "60% Suede, 40% other materials",
        "cleaning": "Wipe clean with a damp cloth or sponge",
        "image-small": "product-small-48",
        "image-large": "product-large-48",
        "price": 62.99,
        "sale": 48.99,
        "sizes": [37, 38, 39, 40, 41, 42, 43, 44, 45, 46],
        "categories": ["Nike", "Air Max", "Low Top"]
    },
    {
        "id": 49,
        "name": "Nike ISPA Grey",
        "description": [
            "Chunky sole",
            "Lace-up fastening",
            "Slip-on style",
            "High-top design",
            "Switch up your rotation"
        ],
        "materials": "60% Suede, 40% other materials",
        "cleaning": "Wipe clean only",
        "image-small": "product-small-49",
        "image-large": "product-large-49",
        "price": 172.99,
        "sale": null,
        "sizes": [38, 39, 40, 41, 42, 43],
        "categories": ["Nike", "Low Top"]
    },
    {
        "id": 50,
        "name": "Vans Old Skool Brown",
        "description": [
            "Chunky sole",
            "Round toe",
            "You'll want to take care of these",
            "So fresh and so clean"
        ],
        "materials": "70% Suede, 30% other materials",
        "cleaning": "Treat with a suitable leather protector and avoid contact with liquids",
        "image-small": "product-small-50",
        "image-large": "product-large-50",
        "price": 154.99,
        "sale": 134.99,
        "sizes": [37, 38, 39, 40, 41, 42, 43, 44, 45],
        "categories": ["Low Top", "Vans"]
    },
    {
        "id": 51,
        "name": "Nike Air Max 270 White",
        "description": [
            "Lugged tread",
            "So fresh and so clean",
            "Slip-on style",
            "Signature branding",
            "Lace-up fastening"
        ],
        "materials": "80% Textile, 20% other materials",
        "cleaning": "Wipe clean only",
        "image-small": "product-small-51",
        "image-large": "product-large-51",
        "price": 49.99,
        "sale": null,
        "sizes": [37, 38, 39, 40, 41, 42, 43, 44, 45],
        "categories": ["Nike", "Air Max", "Low Top"]
    },
    {
        "id": 52,
        "name": "Nike Air Max 95 Black",
        "description": [
            "Switch up your rotation",
            "Waffle-textured tread",
            "You'll want to take care of these"
        ],
        "materials": "80% Textile, 20% other materials",
        "cleaning": "Treat with a suitable leather protector and avoid contact with liquids",
        "image-small": "product-small-52",
        "image-large": "product-large-52",
        "price": 42.99,
        "sale": null,
        "sizes": [37, 38, 39, 40, 41, 42],
        "categories": ["Nike", "Air Max", "Low Top"]
    },
    {
        "id": 53,
        "name": "Adidas Ultraboost Black",
        "description": [
            "High-top design",
            "So fresh and so clean",
            "Slip-on style",
            "Lace-up fastening",
            "You'll want to take care of these"
        ],
        "materials": "70% Suede, 30% other materials",
        "cleaning": "Treat with a suitable leather protector and avoid contact with liquids",
        "image-small": "product-small-53",
        "image-large": "product-large-53",
        "price": 179.99,
        "sale": null,
        "sizes": [37, 38, 39, 40, 41, 42, 43],
        "categories": ["Adidas", "Ultraboost", "Low Top"]
    },
    {
        "id": 54,
        "name": "Nike Air Max 97 Brown/Black",
        "description": [
            "Chunky sole",
            "Signature branding",
            "Padded cuff",
            "That ‘new shoe’ feeling"
        ],
        "materials": "60% Rubber, 40% other materials",
        "cleaning": "Wipe clean with a damp cloth or sponge",
        "image-small": "product-small-54",
        "image-large": "product-large-54",
        "price": 138.99,
        "sale": 119.99,
        "sizes": [37, 38, 39, 40, 41, 42, 43],
        "categories": ["Nike", "Air Max", "Low Top"]
    },
    {
        "id": 55,
        "name": "Adidas Ultraboost Red",
        "description": [
            "Padded cuff",
            "Lace-up fastening",
            "Chunky sole",
            "Classic design",
            "Switch up your rotation"
        ],
        "materials": "60% Textile, 40% other materials",
        "cleaning": "Wipe clean only",
        "image-small": "product-small-55",
        "image-large": "product-large-55",
        "price": 62.99,
        "sale": 52.99,
        "sizes": [37, 42, 43, 44, 45],
        "categories": ["Adidas", "Ultraboost", "Low Top"]
    },
    {
        "id": 56,
        "name": "Asics Low White/Yellow",
        "description": [
            "Slip-on style",
            "High-top design",
            "Round toe",
            "Lugged tread",
            "So fresh and so clean"
        ],
        "materials": "70% Textile, 30% other materials",
        "cleaning": "Treat with a suitable leather protector and avoid contact with liquids",
        "image-small": "product-small-56",
        "image-large": "product-large-56",
        "price": 36.99,
        "sale": null,
        "sizes": [37, 38, 39, 40, 41, 42],
        "categories": ["Asics", "Low Top"]
    },
    {
        "id": 57,
        "name": "Nike Cortex High White",
        "description": [
            "Pull tabs for easy entry",
            "Padded cuff",
            "So fresh and so clean"
        ],
        "materials": "60% Rubber, 40% other materials",
        "cleaning": "Wipe clean only",
        "image-small": "product-small-57",
        "image-large": "product-large-57",
        "price": 149.99,
        "sale": null,
        "sizes": [37, 38, 39, 40, 41, 42, 43, 44, 45, 46],
        "categories": ["Nike", "High Top"]
    },
    {
        "id": 58,
        "name": "Nike Air Max 720 White",
        "description": [
            "Chunky sole",
            "Classic design",
            "Pull tabs for easy entry"
        ],
        "materials": "70% Rubber, 30% other materials",
        "cleaning": "Wipe clean with a damp cloth or sponge",
        "image-small": "product-small-58",
        "image-large": "product-large-58",
        "price": 154.99,
        "sale": 140.99,
        "sizes": [39, 40, 41, 42],
        "categories": ["Nike", "Air Max", "Low Top"]
    },
    {
        "id": 59,
        "name": "Nike Air Max Low Green",
        "description": [
            "Chunky sole",
            "You'll want to take care of these",
            "Waffle-textured tread"
        ],
        "materials": "60% Suede, 40% other materials",
        "cleaning": "Remove light marks with a clean damp sponge",
        "image-small": "product-small-59",
        "image-large": "product-large-59",
        "price": 157.99,
        "sale": null,
        "sizes": [37, 38, 39, 40, 41, 42],
        "categories": ["Nike", "Air Max", "Low Top"]
    },
    {
        "id": 60,
        "name": "Nike Air Max 270 Multi",
        "description": [
            "Chunky sole",
            "Switch up your rotation",
            "Waffle-textured tread",
            "High-top design"
        ],
        "materials": "80% Rubber, 20% other materials",
        "cleaning": "Remove light marks with a clean damp sponge",
        "image-small": "product-small-60",
        "image-large": "product-large-60",
        "price": 49.99,
        "sale": null,
        "sizes": [37, 42, 43, 44],
        "categories": ["Nike", "Multicolor", "Air Max", "Low Top"]
    },
    {
        "id": 61,
        "name": "Nike React Vision White/Red",
        "description": [
            "High-top design",
            "Pull tabs for easy entry",
            "So fresh and so clean"
        ],
        "materials": "60% Rubber, 40% other materials",
        "cleaning": "Wipe clean with a damp cloth or sponge",
        "image-small": "product-small-61",
        "image-large": "product-large-61",
        "price": 138.99,
        "sale": null,
        "sizes": [37, 38, 39, 40, 41, 42],
        "categories": ["Nike", "Multicolor", "Low Top"]
    },
    {
        "id": 62,
        "name": "Adidas Ultraboost Dark Blue",
        "description": [
            "Signature branding",
            "Lace-up fastening",
            "Pull tabs for easy entry",
            "Slip-on style",
            "Chunky sole"
        ],
        "materials": "70% Textile, 30% other materials",
        "cleaning": "Remove light marks with a clean damp sponge",
        "image-small": "product-small-62",
        "image-large": "product-large-62",
        "price": 51.99,
        "sale": null,
        "sizes": [37, 38, 39, 40, 41, 42, 43, 44, 45, 46],
        "categories": ["Adidas", "Ultraboost", "Low Top"]
    },
    {
        "id": 63,
        "name": "Nike React Vision Triple White",
        "description": [
            "Lace-up fastening",
            "Lugged tread",
            "That ‘new shoe’ feeling",
            "Signature branding",
            "Padded cuff"
        ],
        "materials": "60% Suede, 40% other materials",
        "cleaning": "Wipe clean with a damp cloth or sponge",
        "image-small": "product-small-63",
        "image-large": "product-large-63",
        "price": 127.99,
        "sale": 117.99,
        "sizes": [37, 39, 40, 41, 42, 43],
        "categories": ["Nike", "Low Top"]
    },
    {
        "id": 64,
        "name": "Nike Air Force 1 Low White/Red",
        "description": [
            "Signature branding",
            "So fresh and so clean",
            "Lace-up fastening",
            "That ‘new shoe’ feeling",
            "Classic design"
        ],
        "materials": "70% Textile, 30% other materials",
        "cleaning": "Remove light marks with a clean damp sponge",
        "image-small": "product-small-64",
        "image-large": "product-large-64",
        "price": 140.99,
        "sale": null,
        "sizes": [37, 38, 39, 40, 41, 42, 43, 44],
        "categories": ["Nike", "Air Force", "Low Top"]
    },
    {
        "id": 65,
        "name": "Nike React Vision Black",
        "description": [
            "High-top design",
            "So fresh and so clean",
            "Classic design",
            "Padded cuff",
            "Waffle-textured tread"
        ],
        "materials": "80% Rubber, 20% other materials",
        "cleaning": "Remove light marks with a clean damp sponge",
        "image-small": "product-small-65",
        "image-large": "product-large-65",
        "price": 165.99,
        "sale": 152.99,
        "sizes": [37, 39, 40, 41, 44],
        "categories": ["Nike", "Low Top"]
    },
    {
        "id": 66,
        "name": "Nike Air Max 1 Bright",
        "description": [
            "Round toe",
            "Switch up your rotation",
            "Padded cuff",
            "Lace-up fastening",
            "Signature branding"
        ],
        "materials": "60% Textile, 40% other materials",
        "cleaning": "Wipe clean only",
        "image-small": "product-small-66",
        "image-large": "product-large-66",
        "price": 60.99,
        "sale": null,
        "sizes": [37, 38, 39, 40, 41, 42, 43, 44],
        "categories": ["Nike", "Multicolor", "Air Max", "Low Top"]
    },
    {
        "id": 67,
        "name": "Nike Air Max Low Blue/White",
        "description": [
            "High-top design",
            "Round toe",
            "Signature branding",
            "Classic design",
            "You'll want to take care of these"
        ],
        "materials": "80% Rubber, 20% other materials",
        "cleaning": "Wipe clean with a soft dry cloth",
        "image-small": "product-small-67",
        "image-large": "product-large-67",
        "price": 129.99,
        "sale": null,
        "sizes": [37, 38, 39, 40, 41, 42, 43, 44, 45, 46],
        "categories": ["Nike", "Air Max", "Low Top"]
    },
    {
        "id": 68,
        "name": "Nike MX 720 White/Red",
        "description": [
            "Waffle-textured tread",
            "You'll want to take care of these",
            "Switch up your rotation",
            "Slip-on style",
            "Signature branding"
        ],
        "materials": "70% Rubber, 30% other materials",
        "cleaning": "Wipe clean with a soft dry cloth",
        "image-small": "product-small-68",
        "image-large": "product-large-68",
        "price": 112.99,
        "sale": null,
        "sizes": [37, 41, 42],
        "categories": ["Nike", "Low Top"]
    },
    {
        "id": 69,
        "name": "Puma RS-350 White/Black",
        "description": [
            "Signature branding",
            "Pull tabs for easy entry",
            "Chunky sole",
            "Padded cuff",
            "That ‘new shoe’ feeling"
        ],
        "materials": "70% Rubber, 30% other materials",
        "cleaning": "Remove light marks with a clean damp sponge",
        "image-small": "product-small-69",
        "image-large": "product-large-69",
        "price": 176.99,
        "sale": null,
        "sizes": [37, 38, 39, 40, 41, 42, 43, 44, 45],
        "categories": ["Puma", "Low Top"]
    },
    {
        "id": 70,
        "name": "Nike Running Orange/Black",
        "description": ["Round toe", "So fresh and so clean", "Classic design"],
        "materials": "80% Textile, 20% other materials",
        "cleaning": "Wipe clean with a damp cloth or sponge",
        "image-small": "product-small-70",
        "image-large": "product-large-70",
        "price": 153.99,
        "sale": 147.99,
        "sizes": [37, 38, 39, 40, 41, 42, 43, 44],
        "categories": ["Nike", "Multicolor", "Low Top"]
    },
    {
        "id": 71,
        "name": "Nike Air Jordan High Purple",
        "description": [
            "Pull tabs for easy entry",
            "Switch up your rotation",
            "Slip-on style",
            "You'll want to take care of these"
        ],
        "materials": "80% Textile, 20% other materials",
        "cleaning": "Wipe clean only",
        "image-small": "product-small-71",
        "image-large": "product-large-71",
        "price": 88.99,
        "sale": 76.99,
        "sizes": [37, 38, 39, 40, 41, 42, 43, 44, 45],
        "categories": ["Nike", "Air Jordan", "High Top"]
    },
    {
        "id": 72,
        "name": "Adidas Running All Red",
        "description": [
            "Lace-up fastening",
            "You'll want to take care of these",
            "That ‘new shoe’ feeling"
        ],
        "materials": "60% Suede, 40% other materials",
        "cleaning": "Wipe clean only",
        "image-small": "product-small-72",
        "image-large": "product-large-72",
        "price": 45.99,
        "sale": null,
        "sizes": [40, 41, 42, 43, 44, 45, 46],
        "categories": ["Adidas", "Low Top"]
    },
    {
        "id": 73,
        "name": "FILA Disruptor Triple White",
        "description": [
            "Chunky sole",
            "Switch up your rotation",
            "High-top design",
            "Padded cuff",
            "So fresh and so clean"
        ],
        "materials": "70% Rubber, 30% other materials",
        "cleaning": "Remove light marks with a clean damp sponge",
        "image-small": "product-small-73",
        "image-large": "product-large-73",
        "price": 121.99,
        "sale": null,
        "sizes": [37, 38, 39, 40, 41, 42],
        "categories": ["Low Top", "FILA"]
    },
    {
        "id": 74,
        "name": "Nike Air Force 1 Pride White",
        "description": [
            "Waffle-textured tread",
            "High-top design",
            "Pull tabs for easy entry"
        ],
        "materials": "60% Textile, 40% other materials",
        "cleaning": "Wipe clean with a damp cloth or sponge",
        "image-small": "product-small-74",
        "image-large": "product-large-74",
        "price": 133.99,
        "sale": null,
        "sizes": [37, 42, 43, 44, 45, 46],
        "categories": ["Nike", "Air Force", "Low Top"]
    },
    {
        "id": 75,
        "name": "Puma Low Black",
        "description": [
            "Chunky sole",
            "Padded cuff",
            "You'll want to take care of these",
            "So fresh and so clean",
            "Waffle-textured tread"
        ],
        "materials": "60% Rubber, 40% other materials",
        "cleaning": "Wipe clean only",
        "image-small": "product-small-75",
        "image-large": "product-large-75",
        "price": 174.99,
        "sale": null,
        "sizes": [37, 38, 39, 40, 41, 42],
        "categories": ["Puma", "Low Top"]
    },
    {
        "id": 76,
        "name": "Nike Air Max 2090 Green",
        "description": [
            "High-top design",
            "Slip-on style",
            "Lace-up fastening"
        ],
        "materials": "60% Textile, 40% other materials",
        "cleaning": "Wipe clean only",
        "image-small": "product-small-76",
        "image-large": "product-large-76",
        "price": 75.99,
        "sale": 55.99,
        "sizes": [37, 38, 39, 40, 41, 42],
        "categories": ["Nike", "Air Max", "Low Top"]
    },
    {
        "id": 77,
        "name": "Nike Air Max 1 Camouflage",
        "description": [
            "High-top design",
            "Signature branding",
            "Classic design",
            "Lace-up fastening",
            "You'll want to take care of these"
        ],
        "materials": "80% Textile, 20% other materials",
        "cleaning": "Wipe clean with a damp cloth or sponge",
        "image-small": "product-small-77",
        "image-large": "product-large-77",
        "price": 173.99,
        "sale": 158.99,
        "sizes": [39, 40, 41, 42, 45],
        "categories": ["Nike", "Air Max", "Low Top"]
    },
    {
        "id": 78,
        "name": "Nike Air Jordan 1 Black/White",
        "description": [
            "Slip-on style",
            "Waffle-textured tread",
            "Chunky sole"
        ],
        "materials": "70% Rubber, 30% other materials",
        "cleaning": "Treat with a suitable leather protector and avoid contact with liquids",
        "image-small": "product-small-78",
        "image-large": "product-large-78",
        "price": 175.99,
        "sale": null,
        "sizes": [37, 38, 39, 40, 41, 42, 43, 44, 45, 46],
        "categories": ["Nike", "Air Jordan", "High Top"]
    },
    {
        "id": 79,
        "name": "Nike Air Max MX-720 Silver",
        "description": [
            "Slip-on style",
            "That ‘new shoe’ feeling",
            "Classic design",
            "Padded cuff",
            "So fresh and so clean"
        ],
        "materials": "80% Rubber, 20% other materials",
        "cleaning": "Remove light marks with a clean damp sponge",
        "image-small": "product-small-79",
        "image-large": "product-large-79",
        "price": 41.99,
        "sale": null,
        "sizes": [37, 38, 39, 40, 41, 42, 43],
        "categories": ["Nike", "Air Max", "Low Top"]
    },
    {
        "id": 80,
        "name": "Nike Air Force 1 Low Candy",
        "description": [
            "Classic design",
            "Lace-up fastening",
            "You'll want to take care of these",
            "Padded cuff",
            "So fresh and so clean"
        ],
        "materials": "55% Rubber, 45% other materials",
        "cleaning": "Treat with a suitable leather protector and avoid contact with liquids",
        "image-small": "product-small-80",
        "image-large": "product-large-80",
        "price": 99.99,
        "sale": 89.99,
        "sizes": [38, 40, 41, 43],
        "categories": ["Nike", "Multicolor", "Air Force", "Low Top"]
    },
    {
        "id": 81,
        "name": "Nike Air Jordan 1 Blue/Red",
        "description": [
            "Slip-on style",
            "That ‘new shoe’ feeling",
            "Waffle-textured tread",
            "Chunky sole"
        ],
        "materials": "70% Leather, 30% other materials",
        "cleaning": "Wipe clean with a damp cloth or sponge",
        "image-small": "product-small-81",
        "image-large": "product-large-81",
        "price": 35.99,
        "sale": null,
        "sizes": [37, 38, 39, 40, 41, 42, 43],
        "categories": ["Nike", "Air Jordan", "High Top"]
    },
    {
        "id": 82,
        "name": "Nike Air Max Low Neon Black",
        "description": [
            "Slip-on style",
            "High-top design",
            "Pull tabs for easy entry",
            "So fresh and so clean"
        ],
        "materials": "60% Rubber, 40% other materials",
        "cleaning": "Remove light marks with a clean damp sponge",
        "image-small": "product-small-82",
        "image-large": "product-large-82",
        "price": 58.99,
        "sale": null,
        "sizes": [37, 38, 43],
        "categories": ["Nike", "Air Max", "Low Top"]
    }
]
